city,year,season,hour,is_weekend,peak_count,avg_peak_load,max_peak_load
Foum eloued,2022,Autumn,17,0,659,32.4167,42.6346
Foum eloued,2022,Autumn,18,0,650,32.3876,42.788
Laayoune,2023,Autumn,21,0,637,49.0206,1475.3333
Foum eloued,2022,Autumn,22,0,618,32.9765,42.2117
Foum eloued,2022,Autumn,16,0,612,31.9287,42.8378
Foum eloued,2022,Autumn,19,0,604,33.0604,42.9097
Foum eloued,2022,Autumn,20,0,600,33.2157,42.5899
Foum eloued,2022,Autumn,21,0,584,33.0018,41.9983
Foum eloued,2022,Autumn,23,0,573,32.9784,42.2437
Foum eloued,2022,Autumn,15,0,572,32.1112,42.3697
Laayoune,2023,Autumn,22,0,515,63.3654,1185.6667
Foum eloued,2022,Autumn,12,0,514,31.8729,42.652
Foum eloued,2022,Autumn,0,0,506,32.1813,42.4675
Foum eloued,2023,Summer,21,0,504,18.3454,42.9485
Foum eloued,2023,Summer,22,0,496,18.5106,42.2485
Foum eloued,2022,Autumn,13,0,494,32.0936,41.5203
Foum eloued,2022,Autumn,11,0,488,31.3504,41.8551
Foum eloued,2022,Autumn,14,0,486,32.0546,41.9044
Foum eloued,2023,Summer,23,0,480,17.6935,42.6993
Laayoune,2023,Autumn,20,0,472,39.4523,201.3446
Laayoune,2023,Winter,18,0,471,33.9236,48.6642
Foum eloued,2023,Summer,18,0,434,24.7238,918.0728
Foum eloued,2023,Summer,17,0,420,24.6864,932.3436
Foum eloued,2023,Summer,20,0,406,20.3585,42.8364
Foum eloued,2023,Summer,0,0,393,15.626,42.1296
Laayoune,2023,Autumn,13,0,392,47.6515,335.0
Foum eloued,2023,Summer,15,0,391,32.7619,1974.3333
Laayoune,2023,Autumn,12,0,384,45.3894,325.2222
Foum eloued,2022,Autumn,1,0,382,31.1492,42.6387
Foum eloued,2023,Summer,14,0,381,33.5989,1959.8889
Laayoune,2023,Autumn,14,0,379,35.3623,45.8163
Laayoune,2023,Autumn,18,0,378,48.7194,366.4444
Laayoune,2023,Spring,17,0,370,39.9065,53.893
Laayoune,2023,Spring,18,0,368,37.9594,52.7553
Foum eloued,2023,Summer,16,0,366,32.3631,1871.6667
Laayoune,2023,Autumn,19,0,363,48.1999,370.3333
Laayoune,2023,Winter,12,0,361,35.9786,46.3498
Foum eloued,2022,Autumn,10,0,355,30.7222,42.0151
Foum eloued,2023,Summer,19,0,352,20.3322,42.914
Foum eloued,2023,Summer,13,0,346,33.7773,1957.7778
Boujdour,2023,Autumn,20,0,333,22.1471,42.4117
Foum eloued,2023,Summer,1,0,327,13.7072,40.673
Boujdour,2023,Autumn,21,0,320,22.6628,44.8275
Laayoune,2024,Winter,13,0,315,38.034,46.33
Boujdour,2022,Autumn,20,0,312,24.2736,41.6117
Laayoune,2023,Autumn,15,0,310,33.9128,46.9357
Boujdour,2022,Autumn,21,0,309,22.5906,40.4707
Boujdour,2023,Autumn,22,0,307,21.7668,41.8333
Laayoune,2023,Autumn,23,0,304,68.8136,1088.1667
Boujdour,2022,Autumn,22,0,302,21.7802,39.832
Foum eloued,2023,Summer,10,0,298,13.4985,40.7889
Foum eloued,2023,Spring,18,0,293,35.956,1378.8889
Foum eloued,2023,Summer,9,0,293,13.8728,39.4739
Foum eloued,2022,Autumn,2,0,290,30.5925,42.7177
Laayoune,2023,Winter,19,0,285,32.2473,46.8194
Foum eloued,2023,Spring,17,0,284,21.9612,39.212
Foum eloued,2023,Summer,12,0,284,24.0166,921.5042
Laayoune,2024,Spring,18,0,283,39.6236,51.9085
Foum eloued,2023,Autumn,20,0,268,26.2851,42.6263
Laayoune,2023,Winter,12,1,267,38.0446,48.1605
Boujdour,2024,Spring,21,0,265,17.4538,43.0051
Laayoune,2023,Autumn,21,1,265,48.4343,1180.0
Foum eloued,2023,Autumn,21,0,262,26.0597,42.7408
Boujdour,2022,Autumn,23,0,259,20.7841,36.0939
Laayoune,2023,Winter,20,0,257,31.445,46.6688
Foum eloued,2023,Spring,19,0,256,29.3486,40.7936
Foum eloued,2023,Spring,16,0,256,22.1061,39.4296
Boujdour,2024,Spring,20,0,255,15.9115,33.022
Foum eloued,2023,Summer,2,0,254,12.7781,39.7926
Boujdour,2024,Spring,22,0,254,17.1212,41.46
Foum eloued,2023,Autumn,17,0,254,22.0848,42.9506
Boujdour,2022,Autumn,19,0,252,24.1344,41.2082
Foum eloued,2022,Autumn,9,0,250,29.9691,42.4793
Laayoune,2023,Summer,22,0,249,65.0039,1199.0
Laayoune,2023,Autumn,22,1,247,43.0977,630.106
Foum eloued,2023,Autumn,18,0,243,25.3754,42.7568
Laayoune,2022,Autumn,19,0,234,31.3457,42.9391
Laayoune,2024,Winter,12,0,234,36.6542,44.9803
Boujdour,2023,Autumn,19,0,232,20.4702,38.0207
Foum eloued,2023,Autumn,22,0,223,25.3235,42.6865
Boujdour,2024,Spring,23,0,220,16.7143,40.2428
Foum eloued,2023,Autumn,16,0,217,23.6887,41.5855
Laayoune,2023,Winter,20,1,215,34.5701,47.6292
Marrakech,2023,Summer,15,0,214,1747.285,2046.3333
Laayoune,2023,Autumn,11,0,211,32.9044,42.38
Laayoune,2023,Winter,13,0,210,37.144,46.0413
Foum eloued,2023,Spring,20,0,208,39.8172,657.3789
Foum eloued,2023,Autumn,19,0,205,29.3365,42.5087
Laayoune,2023,Autumn,16,0,205,31.1385,41.9416
Foum eloued,2023,Spring,15,0,202,34.3004,1708.6667
Boujdour,2024,Spring,19,0,202,14.5162,32.4276
Laayoune,2024,Spring,19,0,202,36.2409,48.7708
Laayoune,2022,Autumn,18,0,198,32.7804,43.4926
Boujdour,2023,Autumn,23,0,198,19.0894,38.1857
Foum eloued,2022,Autumn,3,0,196,30.0243,42.8818
Laayoune,2023,Winter,11,0,194,34.1416,45.5772
Laayoune,2023,Autumn,20,1,194,45.3782,374.8333
Foum eloued,2023,Spring,21,0,194,39.6069,634.1977
Foum eloued,2023,Summer,11,0,194,22.6083,41.2291
Laayoune,2023,Winter,21,0,194,31.2619,47.3717
Foum eloued,2023,Autumn,23,0,192,26.8393,42.6273
Laayoune,2023,Winter,19,1,190,34.4189,48.7459
Laayoune,2022,Autumn,17,0,189,33.3438,43.7659
Foum eloued,2023,Summer,8,0,187,15.9616,41.3313
Laayoune,2023,Autumn,13,1,187,40.4601,173.2398
Laayoune,2023,Autumn,15,1,186,37.718,47.0674
Laayoune,2023,Autumn,17,0,184,31.775,46.3947
Marrakech,2023,Summer,16,0,183,1682.8324,2040.0
Foum eloued,2022,Autumn,8,0,182,28.0077,42.8033
Boujdour,2024,Spring,0,0,182,15.3409,31.8309
Laayoune,2023,Autumn,14,1,177,37.8632,47.0186
Foum eloued,2023,Autumn,0,0,176,33.1653,445.6635
Laayoune,2023,Winter,13,1,176,39.1296,47.8514
Laayoune,2024,Winter,13,1,176,40.7359,53.6561
Laayoune,2023,Spring,20,0,176,34.7751,45.6029
Marrakech,2023,Summer,17,0,175,1600.8248,2035.0
Marrakech,2023,Summer,14,0,173,1812.6802,2026.3333
Laayoune,2023,Summer,23,0,169,55.515,717.2807
Foum eloued,2023,Autumn,15,0,168,29.104,42.4904
Foum eloued,2023,Autumn,10,0,168,22.9474,632.4349
Laayoune,2024,Winter,19,0,167,34.1706,43.4887
Laayoune,2023,Autumn,23,1,165,40.5577,1107.5
Laayoune,2024,Winter,21,0,163,32.9369,42.1608
Laayoune,2023,Autumn,12,1,160,41.3304,315.5
Laayoune,2023,Winter,21,1,160,42.9374,498.0
Foum eloued,2023,Autumn,9,0,158,22.2187,1238.1667
Laayoune,2023,Spring,21,0,158,33.8787,45.7697
Foum eloued,2023,Spring,22,0,158,47.9372,580.8534
Laayoune,2023,Winter,18,1,157,34.5619,47.8636
Foum eloued,2023,Summer,21,1,157,11.5588,39.9857
Laayoune,2023,Autumn,0,0,156,28.0848,548.947
Boujdour,2023,Autumn,21,1,154,20.9531,39.8695
Foum eloued,2023,Spring,8,0,154,12.2174,518.396
Boujdour,2022,Autumn,18,0,154,22.2004,41.3728
Marrakech,2023,Summer,13,0,154,1851.1385,2036.3333
Foum eloued,2023,Summer,22,1,153,11.4413,38.4589
Boujdour,2022,Autumn,0,0,153,20.9391,28.1189
Boujdour,2023,Autumn,22,1,147,20.1273,41.158
Foum eloued,2023,Autumn,13,0,146,31.9896,39.6576
Boujdour,2024,Spring,18,0,145,13.7497,32.2827
Foum eloued,2023,Autumn,11,0,143,32.3643,628.9762
Marrakech,2023,Summer,18,0,143,1663.0839,2040.3333
Boujdour,2023,Autumn,0,0,142,17.9564,25.8251
Laayoune,2023,Spring,19,0,142,34.9294,45.4666
Laayoune,2023,Spring,17,1,142,40.4397,53.9695
Foum eloued,2022,Autumn,4,0,141,29.0828,42.887
Foum eloued,2023,Summer,3,0,141,15.2674,39.8481
Foum eloued,2023,Summer,23,1,141,10.0339,37.3373
Boujdour,2024,Spring,1,0,140,14.1121,24.7513
Foum eloued,2023,Autumn,14,0,140,30.8633,38.8863
Foum eloued,2023,Autumn,12,0,137,31.0497,40.9726
Laayoune,2024,Spring,22,0,137,32.848,43.6433
Foum eloued,2023,Autumn,1,0,136,42.2498,831.0
Boujdour,2023,Autumn,20,1,136,21.8282,38.4997
Laayoune,2022,Winter,17,0,136,33.0333,42.6234
Laayoune,2023,Spring,16,0,134,37.5757,50.4299
Laayoune,2023,Spring,22,0,133,33.0194,45.0975
Foum eloued,2023,Spring,14,0,133,30.2136,42.2096
Boujdour,2022,Autumn,21,1,133,21.9349,39.7557
Laayoune,2024,Spring,17,0,133,36.6443,43.7964
Boujdour,2024,Spring,17,0,132,13.7331,24.5509
Boujdour,2024,Spring,21,1,129,16.1698,30.8795
Boujdour,2022,Autumn,20,1,129,22.1707,40.3842
Foum eloued,2023,Summer,18,1,129,11.3627,38.973
Laayoune,2023,Winter,17,0,129,34.8097,47.545
Laayoune,2022,Autumn,20,0,128,28.0914,41.2792
Foum eloued,2023,Summer,0,1,128,12.2922,42.654
Laayoune,2023,Autumn,19,1,126,45.3825,190.98
Marrakech,2023,Summer,12,0,125,1819.7733,2040.0
Boujdour,2024,Spring,16,0,124,13.8625,26.2519
Foum eloued,2024,Spring,8,0,123,4.6012,27.9612
Boujdour,2023,Winter,20,0,123,21.7102,188.605
Foum eloued,2023,Summer,17,1,122,11.2161,40.4175
Marrakech,2023,Autumn,2,0,122,376.418,427.0
Foum eloued,2023,Spring,7,0,122,10.0111,42.8038
Foum eloued,2024,Spring,7,0,121,4.4177,5.0476
Laayoune,2023,Summer,0,0,121,29.0677,43.828
Marrakech,2023,Autumn,16,0,120,1071.9222,1955.0
Boujdour,2022,Autumn,22,1,120,22.53,36.5205
Boujdour,2023,Winter,19,0,120,27.136,335.5
Boujdour,2023,Spring,21,0,119,21.4771,39.0021
Laayoune,2024,Winter,12,1,119,38.6754,48.022
Boujdour,2023,Autumn,23,1,118,19.2279,36.0077
Foum eloued,2023,Summer,20,1,117,13.8695,39.0816
Laayoune,2024,Spring,15,0,117,38.8696,45.1022
Laayoune,2024,Spring,21,0,116,33.936,44.2559
Laayoune,2024,Winter,18,0,115,35.0792,43.5827
Boujdour,2024,Spring,22,1,114,16.2391,36.8764
Foum eloued,2024,Winter,16,0,114,17.6147,42.2828
Foum eloued,2023,Spring,23,0,114,40.0797,501.1859
Laayoune,2023,Autumn,18,1,114,38.716,205.6168
Foum eloued,2022,Autumn,20,1,113,31.6205,41.9061
Foum eloued,2024,Winter,17,0,113,13.6244,42.4769
Laayoune,2023,Autumn,10,0,113,32.8368,37.9378
Boujdour,2024,Spring,2,0,113,13.2774,18.7787
Laayoune,2024,Winter,19,1,112,32.1509,43.3745
Boujdour,2024,Spring,20,1,111,15.3697,30.057
Foum eloued,2023,Summer,1,1,110,11.5446,41.8745
Foum eloued,2022,Autumn,5,0,110,28.3884,40.7789
Boujdour,2023,Autumn,18,0,109,18.7651,37.2916
Laayoune,2024,Spring,20,0,108,32.8299,37.3752
Foum eloued,2022,Autumn,21,1,108,31.7541,41.8669
Marrakech,2023,Summer,19,0,107,1478.7227,2024.0
Laayoune,2024,Spring,18,1,106,39.6564,50.5505
Laayoune,2024,Winter,20,1,105,33.4279,43.6419
Marrakech,2023,Autumn,22,0,105,375.9079,389.0
Foum eloued,2023,Spring,13,0,105,35.8103,607.0857
Boujdour,2024,Spring,14,0,104,14.5098,32.3781
Laayoune,2023,Summer,15,0,104,34.7561,44.2988
Boujdour,2022,Autumn,19,1,103,23.1055,41.8749
Marrakech,2023,Autumn,5,0,103,373.0421,397.6667
Foum eloued,2023,Summer,19,1,103,13.532,37.8796
Boujdour,2024,Spring,13,0,102,14.7311,29.0355
Boujdour,2023,Winter,21,0,102,26.6722,194.2561
Marrakech,2023,Autumn,18,0,101,458.0594,1754.0
Laayoune,2023,Spring,18,1,100,38.7715,53.1393
Boujdour,2024,Spring,12,0,100,13.7744,25.2939
Laayoune,2024,Spring,19,1,100,34.871,47.7273
Foum eloued,2023,Summer,15,1,100,11.4618,40.2771
Boujdour,2024,Spring,15,0,100,14.2145,29.8145
Laayoune,2024,Winter,21,1,99,36.1185,43.7039
Laayoune,2023,Spring,20,1,98,35.3389,45.715
Foum eloued,2023,Summer,7,0,98,19.3035,38.6348
Laayoune,2024,Spring,15,1,98,38.6232,46.7963
Laayoune,2023,Winter,11,1,97,37.2602,45.6528
Foum eloued,2022,Autumn,22,1,97,32.26,42.4404
Laayoune,2023,Autumn,1,0,97,21.9282,29.4957
Laayoune,2024,Spring,22,1,96,33.97,46.7471
Foum eloued,2023,Summer,14,1,96,10.4694,39.3783
Marrakech,2023,Autumn,17,0,96,787.934,1813.0
Marrakech,2023,Autumn,15,0,95,1537.6281,1887.0
Laayoune,2022,Winter,18,0,95,31.7174,35.1149
Foum eloued,2023,Spring,12,0,95,55.2338,1219.3333
Laayoune,2022,Autumn,19,1,95,32.657,43.836
Boujdour,2023,Spring,20,0,95,21.843,39.4664
Boujdour,2022,Autumn,23,1,95,22.2288,34.9683
Laayoune,2024,Spring,14,0,95,38.0139,45.0011
Foum eloued,2023,Summer,2,1,94,10.9625,40.2006
Boujdour,2024,Spring,23,1,94,15.0471,29.0472
Foum eloued,2022,Autumn,0,1,93,33.9283,42.1221
Foum eloued,2023,Spring,10,0,93,83.2305,588.4661
Foum eloued,2023,Spring,9,0,93,45.306,586.3763
Foum eloued,2022,Autumn,23,1,92,32.2998,42.3949
Laayoune,2022,Winter,19,0,91,31.2796,35.8549
Foum eloued,2023,Summer,13,1,90,10.4074,38.7407
Foum eloued,2023,Autumn,8,0,90,23.3867,42.0412
Boujdour,2024,Spring,3,0,89,12.8158,14.5645
Marrakech,2023,Summer,11,0,89,1778.5356,2044.6667
Laayoune,2023,Winter,22,0,89,28.4024,43.8674
Boujdour,2024,Spring,11,0,88,13.0523,19.061
Foum eloued,2023,Autumn,20,1,87,20.0307,38.1001
Boujdour,2023,Spring,22,0,87,21.3413,26.8875
Boujdour,2022,Autumn,1,0,86,22.1676,25.8029
Marrakech,2023,Autumn,1,0,86,376.0388,396.0
Laayoune,2024,Spring,0,0,86,35.6207,44.0902
Foum eloued,2022,Autumn,19,1,84,31.9011,42.3234
Foum eloued,2023,Autumn,21,1,84,21.0859,37.5107
Laayoune,2023,Spring,21,1,84,34.4651,45.8199
Foum eloued,2023,Summer,16,1,84,12.0831,36.2358
Laayoune,2022,Winter,12,1,83,36.2789,43.7137
Marrakech,2023,Autumn,14,0,83,1552.9639,1993.0
Laayoune,2024,Spring,23,0,83,32.3478,43.3362
Boujdour,2023,Winter,21,1,82,60.0297,1034.5
Laayoune,2023,Autumn,2,0,82,21.0418,22.4058
Marrakech,2023,Autumn,4,0,82,376.3618,416.0
Foum eloued,2023,Autumn,2,0,81,39.8603,427.7798
Boujdour,2024,Spring,4,0,80,12.514,14.2972
Laayoune,2024,Spring,14,1,80,38.6643,49.5985
Foum eloued,2022,Autumn,7,0,80,26.2716,41.8824
Boujdour,2024,Spring,19,1,79,13.6295,24.1212
Laayoune,2024,Winter,20,0,78,30.6468,42.2118
Marrakech,2023,Autumn,21,0,78,375.8889,387.0
Foum eloued,2022,Autumn,18,1,78,31.7353,41.8967
Boujdour,2023,Winter,18,0,77,31.9953,350.6667
Marrakech,2023,Autumn,6,0,77,374.0519,404.0
Laayoune,2022,Autumn,20,1,76,32.2485,43.5501
Foum eloued,2022,Autumn,1,1,75,33.2817,42.6007
Marrakech,2023,Autumn,20,0,75,374.8222,391.0
Boujdour,2022,Autumn,13,0,74,19.875,26.131
Marrakech,2023,Autumn,19,0,74,396.8378,1704.0
Laayoune,2024,Winter,22,0,74,33.4304,42.0044
Laayoune,2023,Autumn,11,1,74,35.1627,41.6732
Marrakech,2023,Autumn,23,0,74,373.8333,386.0
Foum eloued,2022,Autumn,6,0,73,28.6967,41.5521
Boujdour,2023,Winter,22,1,73,54.7269,817.5
Boujdour,2023,Autumn,19,1,73,30.2939,682.9299
Laayoune,2023,Spring,16,1,73,38.2622,50.1337
Laayoune,2024,Spring,13,0,72,36.0683,44.0542
Foum eloued,2023,Spring,6,0,72,14.0243,42.9008
Marrakech,2023,Summer,14,1,72,1870.1435,2040.3333
Boujdour,2024,Spring,5,0,72,12.4843,14.1324
Foum eloued,2024,Spring,6,0,72,4.9974,18.1722
Laayoune,2022,Winter,20,0,71,30.3579,35.2911
Boujdour,2022,Autumn,12,0,71,18.6976,26.1817
Laayoune,2022,Autumn,18,1,70,32.893,44.7763
Marrakech,2023,Autumn,0,0,69,374.5217,398.0
Boujdour,2023,Summer,21,0,69,22.0509,38.0239
Boujdour,2023,Winter,22,0,69,26.5189,156.0395
Laayoune,2022,Autumn,21,0,69,26.8305,41.779
Laayoune,2023,Autumn,17,1,68,31.4267,38.1497
Marrakech,2023,Autumn,3,0,68,378.0147,411.0
Foum eloued,2024,Winter,9,0,68,12.9971,42.3436
Foum eloued,2024,Winter,18,0,68,27.29,42.7705
Boujdour,2023,Summer,22,0,67,21.6997,35.2268
Foum eloued,2022,Autumn,17,1,67,33.2549,39.5037
Foum eloued,2023,Autumn,22,1,67,20.5111,37.1183
Laayoune,2022,Autumn,12,1,67,38.8675,52.0017
Foum eloued,2023,Spring,0,0,67,30.9876,38.656
Laayoune,2023,Summer,14,0,67,32.3714,43.4512
Laayoune,2024,Spring,20,1,66,31.8107,45.554
Laayoune,2024,Spring,21,1,66,32.188,46.2999
Foum eloued,2023,Summer,12,1,66,11.4032,38.131
Foum eloued,2023,Summer,4,0,66,23.8412,40.1329
Boujdour,2023,Winter,20,1,66,20.6765,27.4167
Boujdour,2024,Winter,20,0,66,16.4888,32.0618
Foum eloued,2023,Winter,17,0,65,8.8908,35.9085
Foum eloued,2022,Autumn,2,1,65,33.765,42.7164
Laayoune,2023,Spring,19,1,64,35.4343,45.0518
Marrakech,2023,Summer,15,1,64,1867.0781,2047.0
Marrakech,2023,Summer,16,1,64,1847.6042,2046.0
Laayoune,2023,Summer,21,0,64,117.0099,1422.8333
Laayoune,2022,Winter,19,1,63,33.2471,43.1434
Boujdour,2022,Autumn,17,0,63,19.9496,25.6678
Boujdour,2023,Spring,23,0,63,22.2115,26.2398
Foum eloued,2023,Spring,11,0,62,84.0846,616.5205
Foum eloued,2023,Summer,9,1,62,5.0883,14.9373
Boujdour,2024,Spring,17,1,62,13.1722,25.6136
Foum eloued,2024,Winter,8,0,62,8.8094,41.6897
Foum eloued,2024,Spring,18,0,62,4.3756,4.8469
Laayoune,2023,Autumn,16,1,62,33.1325,42.2773
Laayoune,2023,Spring,23,0,62,32.0072,42.8161
Foum eloued,2023,Summer,5,0,61,25.9464,38.9134
Foum eloued,2024,Spring,9,0,61,4.3923,4.7199
Foum eloued,2023,Winter,16,0,60,10.2684,34.8463
Laayoune,2023,Autumn,3,0,60,20.6053,21.5574
Boujdour,2022,Autumn,18,1,60,21.6723,36.7303
Laayoune,2022,Winter,20,1,60,31.7399,42.9245
Foum eloued,2023,Summer,3,1,60,13.5285,40.7084
Marrakech,2023,Autumn,13,0,59,1389.226,1934.6667
Boujdour,2024,Spring,10,0,59,12.6398,15.7708
Laayoune,2024,Spring,17,1,59,36.0941,42.5679
Marrakech,2023,Summer,20,0,59,1373.7288,1981.0
Boujdour,2024,Winter,19,0,59,17.9211,41.8393
Boujdour,2024,Winter,21,0,59,17.9329,40.079
Laayoune,2023,Spring,22,1,58,31.4494,45.4359
Boujdour,2024,Spring,6,0,58,12.3436,15.0431
Foum eloued,2022,Autumn,16,1,58,33.1228,39.0716
Marrakech,2023,Summer,17,1,57,1839.0936,2033.6667
Marrakech,2023,Autumn,9,0,57,372.2222,400.0
Marrakech,2023,Summer,10,0,57,1804.0117,2036.0
Laayoune,2023,Spring,12,1,57,38.6133,44.857
Laayoune,2023,Summer,15,1,57,35.7487,44.4265
Boujdour,2024,Spring,18,1,57,13.0635,24.3929
Foum eloued,2023,Autumn,7,0,56,28.6862,41.0744
Boujdour,2023,Spring,19,0,56,20.5096,35.5897
Laayoune,2022,Winter,12,0,56,35.3705,43.0049
Marrakech,2023,Spring,14,0,56,1788.3988,1928.3333
Laayoune,2022,Winter,11,0,56,34.4381,41.7899
Boujdour,2024,Spring,0,1,56,12.8507,15.0576
Marrakech,2023,Spring,16,0,56,1814.5655,2008.0
Laayoune,2023,Winter,17,1,55,36.8478,50.3289
Marrakech,2023,Winter,5,0,55,375.9636,399.0
Foum eloued,2024,Spring,17,0,55,4.4248,4.9876
Foum eloued,2023,Summer,6,0,54,26.3968,37.5055
Marrakech,2023,Spring,15,0,54,1826.3519,2036.3333
Marrakech,2023,Autumn,7,0,54,372.5864,393.0
Laayoune,2023,Spring,12,0,54,38.2516,44.9994
Laayoune,2022,Autumn,17,1,53,31.1689,42.3003
Foum eloued,2023,Autumn,23,1,53,20.6517,38.7891
Laayoune,2024,Winter,22,1,52,35.2575,43.3081
Laayoune,2023,Summer,1,0,52,21.1577,23.227
Foum eloued,2023,Autumn,0,1,52,25.9435,40.9906
Boujdour,2023,Summer,0,0,52,61.8995,596.5
Boujdour,2023,Winter,23,0,52,21.5104,175.9676
Foum eloued,2023,Autumn,3,0,52,36.119,42.3927
Foum eloued,2023,Autumn,4,0,52,35.7891,42.3335
Laayoune,2024,Spring,23,1,51,37.3562,44.9666
Boujdour,2024,Spring,9,0,51,12.3432,14.0009
Laayoune,2024,Winter,14,1,50,38.8796,51.3608
Boujdour,2024,Winter,22,0,50,15.5496,32.2597
Boujdour,2023,Autumn,1,0,50,17.1284,24.0069
Laayoune,2022,Winter,18,1,50,33.976,42.5017
Boujdour,2023,Spring,22,1,50,22.1637,27.2193
Foum eloued,2024,Spring,8,1,50,4.3754,5.1462
Laayoune,2024,Spring,13,1,50,40.5658,52.7277
Foum eloued,2022,Autumn,13,1,49,31.6124,36.1569
Laayoune,2023,Spring,15,1,49,39.9293,45.8281
Foum eloued,2023,Autumn,19,1,49,24.18,36.9563
Laayoune,2022,Autumn,11,1,49,38.6307,53.1437
Boujdour,2022,Autumn,0,1,48,21.3733,27.4197
Foum eloued,2024,Spring,5,0,48,4.6725,17.0165
Marrakech,2023,Summer,12,1,48,1875.375,2032.6667
Boujdour,2024,Spring,15,1,48,12.9975,21.4332
Laayoune,2023,Winter,22,1,48,61.7606,466.0
Laayoune,2024,Spring,12,0,48,35.9045,44.4313
Foum eloued,2024,Winter,19,0,48,31.1948,39.144
Marrakech,2023,Summer,13,1,47,1876.4468,2016.6667
Marrakech,2023,Autumn,8,0,47,375.2837,394.0
Laayoune,2022,Autumn,21,1,47,31.1798,42.6976
Boujdour,2024,Spring,14,1,47,13.6141,29.8214
Boujdour,2023,Summer,23,0,47,21.2161,26.6205
Foum eloued,2023,Autumn,18,1,47,17.5703,36.637
Boujdour,2024,Spring,16,1,47,13.3288,28.4441
Foum eloued,2023,Autumn,17,1,47,11.8113,34.365
Boujdour,2023,Spring,21,1,47,22.0436,27.0831
Laayoune,2023,Autumn,4,0,46,20.4535,21.9161
Foum eloued,2024,Spring,15,0,46,4.3621,4.6444
Laayoune,2023,Spring,0,0,46,33.1519,44.2394
Laayoune,2022,Winter,11,1,46,36.2027,43.2394
Foum eloued,2023,Winter,9,0,46,12.5706,36.7535
Foum eloued,2024,Spring,7,1,46,4.4311,4.8535
Foum eloued,2024,Winter,7,0,46,11.8344,39.3649
Laayoune,2023,Summer,22,1,46,91.9421,840.1815
Boujdour,2023,Winter,19,1,45,20.4121,27.1265
Foum eloued,2023,Summer,10,1,45,5.8761,17.7555
Boujdour,2023,Autumn,0,1,44,18.1332,24.3373
Foum eloued,2024,Spring,16,0,44,4.4142,4.7537
Marrakech,2023,Summer,11,1,44,1831.6818,2026.0
Laayoune,2023,Winter,14,1,44,36.8289,42.9356
Boujdour,2024,Spring,7,0,44,12.1998,13.7943
Laayoune,2023,Autumn,10,1,43,34.326,37.1588
Foum eloued,2022,Autumn,12,1,43,31.0165,36.4141
Foum eloued,2023,Summer,8,1,43,5.7264,34.1993
Laayoune,2024,Winter,18,1,43,32.281,42.5567
Boujdour,2023,Spring,23,1,43,22.9952,26.8442
Boujdour,2024,Spring,8,0,43,12.4102,13.8059
Foum eloued,2024,Winter,15,0,42,28.6493,40.913
Marrakech,2023,Autumn,12,0,42,953.4683,1810.0
Boujdour,2024,Spring,13,1,42,13.5485,25.6052
Boujdour,2023,Spring,20,1,42,22.7203,26.1785
Marrakech,2023,Spring,13,0,41,1777.813,1911.0
Marrakech,2023,Winter,4,0,41,376.9431,391.0
Foum eloued,2022,Autumn,3,1,41,32.9249,41.9779
Foum eloued,2024,Spring,10,0,41,5.6542,27.1535
Laayoune,2023,Autumn,0,1,41,24.3991,30.4547
Boujdour,2023,Spring,0,0,41,23.5749,25.6938
Laayoune,2023,Spring,13,1,40,38.9959,44.5587
Marrakech,2023,Winter,2,0,40,375.675,398.0
Foum eloued,2023,Autumn,1,1,40,26.0802,41.0105
Marrakech,2023,Summer,18,1,40,1653.925,1962.0
Boujdour,2023,Winter,23,1,39,79.4932,767.0
Boujdour,2024,Spring,1,1,39,12.4823,14.9222
Boujdour,2022,Autumn,14,0,39,20.5301,25.6832
Boujdour,2022,Autumn,11,0,39,17.7514,24.657
Laayoune,2024,Spring,12,1,39,36.8443,50.4211
Foum eloued,2022,Autumn,14,1,39,31.8028,35.0007
Boujdour,2024,Spring,12,1,39,12.9602,17.7923
Laayoune,2024,Spring,16,0,39,35.3468,38.602
Laayoune,2022,Autumn,12,0,39,35.6919,43.3028
Laayoune,2023,Spring,15,0,38,38.2872,43.6165
Laayoune,2023,Summer,23,1,38,96.9439,727.2068
Foum eloued,2024,Winter,20,0,37,30.5736,37.4561
Foum eloued,2023,Winter,8,0,37,5.2867,17.0296
Boujdour,2024,Winter,23,0,37,14.7886,27.4667
Foum eloued,2024,Spring,6,1,37,6.1877,17.8521
Foum eloued,2023,Summer,11,1,37,11.428,37.3489
Foum eloued,2023,Spring,1,0,37,30.6868,40.5056
Boujdour,2022,Autumn,16,0,37,20.3731,24.6954
Laayoune,2023,Winter,10,0,37,34.6077,43.4838
Foum eloued,2022,Autumn,11,1,36,29.2663,36.0247
Laayoune,2023,Spring,23,1,36,32.3777,44.1203
Foum eloued,2023,Autumn,5,0,35,35.223,42.2742
Marrakech,2023,Winter,1,0,34,382.1765,407.0
Marrakech,2023,Winter,6,0,34,374.5,399.0
Foum eloued,2023,Spring,2,0,34,30.9253,42.3552
Laayoune,2023,Autumn,1,1,34,21.7826,23.0039
Laayoune,2023,Autumn,5,0,34,20.421,20.9276
Marrakech,2023,Autumn,11,0,34,372.2059,382.0
Laayoune,2022,Autumn,11,0,34,35.439,42.1917
Laayoune,2023,Autumn,7,0,34,20.359,20.7829
Laayoune,2023,Summer,0,1,33,58.8346,702.8897
Boujdour,2022,Autumn,13,1,33,25.5561,38.7631
Foum eloued,2022,Autumn,15,1,33,32.9198,35.2864
Boujdour,2024,Winter,18,0,33,15.3938,37.1947
Marrakech,2023,Spring,17,0,32,1761.1354,1924.0
Foum eloued,2023,Autumn,10,1,32,8.8142,36.5627
Marrakech,2023,Winter,17,0,32,375.7083,390.6667
Laayoune,2023,Summer,14,1,32,32.4257,43.5974
Laayoune,2023,Spring,13,0,32,38.2651,44.2326
Foum eloued,2024,Winter,13,0,31,36.3906,40.0635
Foum eloued,2023,Winter,18,0,31,18.5224,37.5729
Laayoune,2023,Spring,11,0,31,39.8411,53.9976
Boujdour,2023,Spring,19,1,31,23.4303,25.9335
Foum eloued,2022,Autumn,8,1,31,29.3271,41.4977
Boujdour,2022,Autumn,14,1,31,22.6179,35.9177
Laayoune,2022,Winter,17,1,30,33.1644,35.2318
Boujdour,2023,Winter,12,0,30,14.3409,23.7098
Foum eloued,2023,Autumn,6,0,30,34.0674,42.215
Boujdour,2022,Autumn,15,0,30,21.8318,24.7767
Laayoune,2023,Winter,16,0,29,30.0551,36.9913
Boujdour,2023,Spring,14,0,29,21.9821,24.2224
Laayoune,2023,Winter,9,0,29,35.4416,41.3873
Boujdour,2023,Winter,18,1,29,20.6127,25.6687
Foum eloued,2024,Spring,14,0,29,4.4858,5.0415
Laayoune,2023,Winter,16,1,29,34.4082,38.8764
Marrakech,2023,Winter,18,0,29,373.6897,393.0
Boujdour,2023,Summer,20,0,29,19.5287,25.2814
Boujdour,2022,Autumn,12,1,29,24.7422,41.2967
Boujdour,2023,Summer,22,1,29,103.2332,1169.0
Laayoune,2023,Autumn,6,0,28,20.2689,20.5112
Foum eloued,2023,Autumn,16,1,28,18.1642,37.6247
Foum eloued,2023,Summer,4,1,28,21.7043,41.5167
Marrakech,2023,Winter,19,0,28,376.6905,404.0
Marrakech,2023,Summer,19,1,28,1706.25,1892.0
Foum eloued,2023,Autumn,9,1,28,17.5463,36.3752
Boujdour,2023,Summer,21,1,28,168.2407,900.0
Laayoune,2022,Autumn,22,0,27,27.6566,40.3939
Foum eloued,2024,Spring,15,1,27,5.4589,33.8771
Laayoune,2024,Spring,1,0,27,31.8624,41.8054
Laayoune,2023,Winter,14,0,27,32.2537,37.5041
Foum eloued,2024,Spring,9,1,27,4.5463,4.9902
Foum eloued,2024,Winter,16,1,27,14.7047,37.4034
Foum eloued,2023,Winter,15,0,27,10.9461,28.2531
Boujdour,2023,Winter,0,0,27,25.2317,184.974
Foum eloued,2023,Spring,8,1,27,15.2471,37.5764
Foum eloued,2022,Autumn,10,1,27,25.751,36.4678
Foum eloued,2023,Spring,17,1,27,4.4969,5.0966
Boujdour,2022,Autumn,17,1,27,22.9904,35.4749
Foum eloued,2023,Winter,19,0,26,31.0151,39.3898
Boujdour,2023,Spring,18,0,26,18.6043,35.0725
Foum eloued,2023,Spring,9,1,26,16.5433,40.5293
Boujdour,2024,Spring,11,1,26,12.7087,14.1276
Laayoune,2023,Winter,9,1,26,182.3171,962.8889
Laayoune,2023,Summer,20,0,26,20.817,21.8321
Boujdour,2022,Autumn,1,1,26,22.1914,25.4
Boujdour,2023,Spring,13,0,25,23.0801,24.6739
Foum eloued,2023,Autumn,2,1,25,34.6258,39.9144
Laayoune,2023,Spring,11,1,25,36.8359,42.9417
Boujdour,2022,Autumn,15,1,25,24.5654,33.3886
Foum eloued,2024,Spring,19,0,25,4.2942,4.4539
Marrakech,2023,Winter,3,0,25,373.56,387.3333
Foum eloued,2022,Autumn,9,1,25,34.2453,42.3563
Laayoune,2023,Summer,19,0,25,20.5464,21.537
Boujdour,2022,Autumn,16,1,25,22.2952,32.582
Boujdour,2023,Summer,23,1,25,108.83,579.1667
Foum eloued,2024,Winter,21,0,24,27.6112,35.3892
Laayoune,2023,Winter,10,1,24,159.525,996.3333
Marrakech,2023,Summer,10,1,24,1796.5278,1957.3333
Foum eloued,2024,Winter,23,0,24,35.7124,39.2747
Marrakech,2023,Autumn,15,1,24,1820.7083,1987.0
Marrakech,2023,Autumn,14,1,24,1759.6528,1943.3333
Foum eloued,2022,Autumn,4,1,24,33.1431,41.5264
Foum eloued,2024,Spring,5,1,24,5.5312,18.3881
Foum eloued,2024,Winter,14,0,24,35.0157,41.728
Foum eloued,2023,Spring,3,0,24,31.2747,41.652
Laayoune,2023,Summer,13,0,24,25.9373,37.5444
Boujdour,2023,Autumn,18,1,23,109.4597,704.9831
Boujdour,2024,Winter,21,1,23,12.5903,15.6264
Laayoune,2022,Autumn,13,1,23,40.0763,50.8157
Marrakech,2023,Winter,22,0,23,374.3188,387.0
Boujdour,2024,Winter,19,1,23,13.1227,17.0464
Marrakech,2023,Autumn,16,1,23,1841.0145,1998.0
Foum eloued,2024,Winter,10,0,23,26.6496,42.7829
Boujdour,2023,Spring,14,1,23,24.1838,27.9909
Foum eloued,2024,Winter,17,1,22,4.2897,4.5336
Boujdour,2024,Winter,20,1,22,12.9174,16.5809
Foum eloued,2024,Winter,12,0,22,34.5281,36.4249
Foum eloued,2023,Summer,5,1,22,22.609,42.2703
Marrakech,2023,Autumn,21,1,22,381.4091,397.6667
Marrakech,2023,Winter,21,0,22,374.7273,406.0
Marrakech,2023,Summer,21,0,22,991.697,1769.0
Marrakech,2023,Winter,0,0,22,378.0909,395.0
Boujdour,2022,Autumn,2,0,22,22.4698,24.7264
Boujdour,2024,Spring,2,1,22,11.925,12.5068
Foum eloued,2023,Winter,20,0,22,29.9874,40.8134
Boujdour,2022,Autumn,3,0,22,23.0912,24.1296
Laayoune,2024,Spring,16,1,22,32.9434,42.7565
Foum eloued,2023,Winter,9,1,22,23.6097,38.147
Laayoune,2023,Autumn,2,1,22,21.337,22.268
Boujdour,2023,Spring,13,1,22,23.7299,24.5139
Foum eloued,2023,Spring,5,0,22,25.8564,42.245
Foum eloued,2024,Winter,0,0,21,33.5986,38.0468
Boujdour,2024,Spring,10,1,21,12.6597,14.128
Foum eloued,2023,Spring,4,0,21,34.2926,42.6831
Boujdour,2023,Winter,17,0,21,21.6863,199.5722
Marrakech,2023,Autumn,13,1,21,1394.6667,1868.0
Foum eloued,2023,Spring,16,1,20,4.3921,4.7369
Boujdour,2023,Summer,19,1,20,123.9806,716.1667
Marrakech,2023,Winter,20,0,20,373.4,394.0
Boujdour,2024,Winter,12,0,20,12.08,12.8742
Foum eloued,2024,Winter,6,0,20,18.1458,36.7483
Boujdour,2022,Autumn,10,0,20,17.5745,24.4298
Foum eloued,2024,Winter,1,0,20,34.5016,38.0206
Laayoune,2023,Summer,2,0,20,20.7956,21.7892
Laayoune,2023,Spring,14,1,20,39.9705,44.98
Laayoune,2023,Winter,15,0,20,29.4833,37.7429
Laayoune,2023,Winter,15,1,20,36.8007,40.9607
Laayoune,2023,Spring,1,0,20,20.9567,22.6676
Boujdour,2023,Autumn,14,1,19,24.4546,28.8832
Boujdour,2023,Summer,15,1,19,180.1695,1513.1667
Foum eloued,2022,Winter,18,0,19,29.4341,38.113
Marrakech,2023,Summer,20,1,19,1802.7018,1887.0
Marrakech,2023,Summer,9,0,19,1782.5088,1958.0
Foum eloued,2024,Spring,17,1,19,4.7931,6.2135
Marrakech,2023,Summer,4,0,19,377.4211,394.6667
Boujdour,2023,Summer,14,1,19,64.4061,762.5
Laayoune,2024,Spring,11,1,19,36.8437,46.9276
Boujdour,2023,Winter,13,0,19,16.849,24.6524
Boujdour,2023,Spring,18,1,19,23.2529,27.8845
Marrakech,2023,Autumn,20,1,19,375.5263,389.0
Boujdour,2024,Winter,13,0,19,11.9874,12.5411
Foum eloued,2023,Winter,8,1,18,16.2589,36.8868
Foum eloued,2023,Winter,17,1,18,4.329,4.4965
Boujdour,2023,Autumn,2,0,18,16.185,22.8907
Boujdour,2023,Autumn,13,0,18,19.3963,23.5335
Boujdour,2023,Winter,0,1,18,146.5935,719.4444
Foum eloued,2024,Spring,16,1,18,4.3482,4.7086
Laayoune,2023,Summer,21,1,18,21.5948,24.2223
Marrakech,2023,Autumn,22,1,18,389.1667,407.6667
Marrakech,2023,Winter,23,0,18,376.6296,400.0
Boujdour,2023,Summer,20,1,18,137.7756,727.7043
Marrakech,2023,Autumn,5,1,18,373.6296,381.0
Boujdour,2024,Winter,22,1,18,12.3252,14.6301
Boujdour,2023,Winter,1,0,18,12.7893,13.934
Foum eloued,2023,Winter,21,0,17,30.0299,39.048
Foum eloued,2023,Winter,7,0,17,4.2509,4.3557
Boujdour,2023,Spring,0,1,17,23.9478,25.6801
Foum eloued,2024,Winter,11,0,17,32.4762,40.0962
Laayoune,2022,Autumn,13,0,17,40.0084,44.9609
Foum eloued,2023,Summer,7,1,17,14.0742,34.3497
Marrakech,2023,Summer,21,1,17,1016.4118,1780.0
Boujdour,2023,Spring,17,1,17,22.9668,27.2242
Boujdour,2022,Autumn,4,0,16,23.3353,24.001
Boujdour,2023,Winter,10,0,16,115.9295,1121.5
Foum eloued,2023,Autumn,3,1,16,36.3899,38.8449
Boujdour,2023,Winter,9,0,16,182.2179,565.0901
Laayoune,2023,Winter,8,1,16,330.8414,966.0
Boujdour,2023,Summer,12,1,16,70.3798,778.1799
Boujdour,2022,Autumn,9,0,16,17.5405,23.972
Boujdour,2023,Summer,16,1,16,260.5576,786.1348
Marrakech,2023,Winter,7,0,16,375.1875,383.0
Marrakech,2023,Spring,12,0,16,1775.125,1874.0
Laayoune,2023,Spring,14,0,16,34.7605,42.5415
Foum eloued,2023,Spring,18,1,16,6.2179,33.4323
Foum eloued,2024,Spring,18,1,16,4.6021,6.2638
Marrakech,2023,Autumn,17,1,16,1417.0625,1819.0
Boujdour,2024,Winter,14,0,15,12.2114,14.7798
Marrakech,2023,Autumn,19,1,15,463.2,1719.0
Foum eloued,2023,Autumn,4,1,15,36.1904,38.572
Laayoune,2023,Summer,1,1,15,21.8123,22.8241
Foum eloued,2024,Spring,14,1,15,4.6468,5.0072
Boujdour,2023,Winter,13,1,15,19.437,23.9255
Foum eloued,2024,Winter,3,0,15,34.0605,34.5725
Foum eloued,2023,Autumn,14,1,15,18.5941,34.1615
Foum eloued,2022,Autumn,5,1,14,35.8809,41.2659
Boujdour,2023,Winter,11,0,14,43.4206,292.1667
Foum eloued,2023,Autumn,8,1,14,29.2553,38.8759
Boujdour,2024,Winter,16,0,14,14.6007,16.0565
Laayoune,2023,Autumn,3,1,14,20.5149,20.8806
Laayoune,2023,Summer,16,0,14,23.594,33.8185
Foum eloued,2024,Spring,4,0,14,4.4188,4.7905
Boujdour,2023,Autumn,1,1,14,16.1147,23.2708
Marrakech,2023,Autumn,10,0,14,370.4524,376.3333
Boujdour,2024,Winter,18,1,13,13.6917,16.3899
Boujdour,2023,Summer,13,1,13,82.1406,778.9345
Marrakech,2023,Spring,18,0,13,1709.4103,1722.0
Marrakech,2023,Autumn,2,1,13,372.2564,379.0
Boujdour,2022,Autumn,11,1,13,23.118,34.7952
Boujdour,2023,Winter,17,1,13,22.3837,23.6827
Boujdour,2022,Autumn,6,0,13,22.5711,23.6901
Foum eloued,2024,Winter,2,0,13,34.6029,36.5784
Foum eloued,2024,Winter,22,0,13,29.6746,34.0859
Boujdour,2023,Summer,18,1,13,310.5554,813.7387
Laayoune,2023,Summer,12,0,13,26.0528,36.2672
Boujdour,2023,Spring,17,0,13,16.9934,23.0411
Laayoune,2024,Winter,14,0,13,37.3138,43.3107
Foum eloued,2022,Autumn,6,1,13,32.69,37.4165
Foum eloued,2023,Autumn,15,1,13,12.6767,33.9205
Foum eloued,2023,Spring,0,1,13,31.0827,34.5014
Boujdour,2024,Winter,17,0,12,15.965,17.3896
Marrakech,2023,Spring,14,1,12,1807.8333,1850.0
Foum eloued,2023,Spring,15,1,12,18.2251,38.6626
Laayoune,2024,Spring,0,1,12,22.2147,23.9075
Foum eloued,2023,Spring,1,1,12,29.5646,33.2969
Boujdour,2024,Winter,11,0,12,11.9641,12.5233
Boujdour,2023,Autumn,16,1,12,25.4993,28.619
Boujdour,2023,Autumn,14,0,12,18.228,23.3146
Foum eloued,2023,Summer,6,1,12,20.5721,35.4685
Marrakech,2023,Spring,15,1,12,1786.25,1858.0
Boujdour,2023,Winter,1,1,12,177.0077,724.0
Laayoune,2023,Summer,18,0,12,20.5827,21.3818
Foum eloued,2023,Winter,22,0,12,27.3649,37.6049
Marrakech,2023,Summer,23,0,12,378.4722,389.0
Boujdour,2023,Winter,14,1,12,25.3785,40.9571
Boujdour,2024,Spring,3,1,12,11.7348,12.0413
Boujdour,2023,Winter,5,1,12,247.6471,756.0
Boujdour,2023,Winter,4,1,12,210.7428,727.5
Marrakech,2023,Summer,7,0,11,375.3939,381.3333
Laayoune,2023,Winter,6,1,11,257.6294,659.25
Marrakech,2023,Autumn,23,1,11,396.5152,433.0
Foum eloued,2023,Winter,10,0,11,5.6062,18.2614
Foum eloued,2024,Winter,8,1,11,15.4635,35.7219
Laayoune,2023,Summer,2,1,11,20.7997,21.8153
Boujdour,2023,Autumn,12,0,11,16.8918,23.0417
Boujdour,2023,Winter,2,1,11,177.8857,473.3333
Laayoune,2023,Spring,0,1,11,31.6885,42.2042
Marrakech,2023,Autumn,1,1,11,369.9091,376.0
Laayoune,2024,Spring,1,1,11,20.8343,21.6296
Foum eloued,2023,Autumn,7,1,11,30.6514,39.1028
Boujdour,2023,Autumn,17,1,11,85.2747,715.6098
Boujdour,2023,Autumn,17,0,11,15.173,16.4228
Foum eloued,2023,Spring,10,1,11,25.8216,41.6905
Foum eloued,2022,Winter,19,0,11,29.378,38.7606
Foum eloued,2024,Winter,15,1,11,21.0461,37.5171
Boujdour,2022,Autumn,5,0,10,23.0371,23.2676
Boujdour,2023,Winter,12,1,10,21.5865,30.3315
Boujdour,2023,Winter,6,1,10,192.17,840.8333
Marrakech,2024,Winter,7,0,10,377.1,387.0
Marrakech,2023,Summer,8,0,10,375.7333,385.0
Foum eloued,2024,Spring,11,0,10,4.3153,4.7388
Boujdour,2023,Summer,1,0,10,225.1945,1040.0
Foum eloued,2023,Spring,7,1,10,18.7293,29.7738
Boujdour,2022,Autumn,2,1,10,23.8107,24.5388
Foum eloued,2023,Spring,6,1,10,18.8587,30.1668
Boujdour,2023,Winter,16,1,10,16.2876,23.5256
Laayoune,2023,Autumn,4,1,10,20.1261,20.2584
Boujdour,2023,Winter,14,0,10,15.038,23.1692
Foum eloued,2023,Winter,10,1,10,26.9898,39.7718
Marrakech,2023,Summer,22,0,10,371.3667,383.0
Boujdour,2023,Summer,17,1,10,249.6859,793.0437
Boujdour,2023,Spring,15,1,10,24.5172,27.2214
Foum eloued,2024,Winter,4,0,10,35.6231,37.9995
Boujdour,2023,Autumn,10,0,10,22.0752,30.6732
Laayoune,2023,Autumn,7,1,10,20.1858,20.5004
Foum eloued,2024,Winter,9,1,10,13.1398,34.0378
Boujdour,2023,Autumn,3,0,9,14.7213,15.0004
Boujdour,2023,Autumn,13,1,9,25.9269,27.8852
Foum eloued,2023,Autumn,5,1,9,36.5651,37.5043
Laayoune,2023,Winter,23,0,9,20.4006,21.23
Boujdour,2023,Autumn,11,0,9,15.1862,16.1103
Foum eloued,2023,Autumn,6,1,9,37.0462,39.3657
Boujdour,2023,Spring,12,0,9,23.3194,23.7947
Laayoune,2023,Autumn,9,1,9,90.3821,181.4204
Foum eloued,2022,Autumn,7,1,9,34.8721,39.5144
Laayoune,2023,Summer,20,1,9,20.6817,20.9737
Foum eloued,2023,Autumn,11,1,9,25.1709,37.2934
Boujdour,2023,Spring,12,1,9,23.2157,23.9232
Boujdour,2022,Autumn,3,1,9,23.5014,23.8523
Boujdour,2023,Autumn,11,1,9,24.9606,27.1316
Laayoune,2023,Summer,17,0,9,20.3303,20.543
Marrakech,2023,Autumn,18,1,9,1302.8148,1813.0
Marrakech,2023,Spring,16,1,9,1769.4444,1806.0
Laayoune,2023,Summer,16,1,9,20.1863,20.5286
Foum eloued,2023,Spring,21,1,9,29.1434,38.0526
Boujdour,2024,Spring,9,1,9,12.3477,13.0166
Boujdour,2023,Spring,1,0,9,23.3805,24.1563
Boujdour,2023,Winter,3,1,9,118.7151,338.0
Laayoune,2022,Autumn,14,0,9,34.7535,37.0397
Laayoune,2023,Autumn,5,1,9,20.2133,20.3782
Marrakech,2023,Summer,3,0,9,372.8519,399.0
Marrakech,2023,Summer,6,0,9,374.0,381.0
Boujdour,2024,Winter,0,0,9,15.0277,17.1022
Boujdour,2023,Summer,5,0,9,299.4695,697.5937
Boujdour,2023,Winter,8,0,9,88.4269,547.6431
Boujdour,2023,Summer,13,0,8,23.6462,24.012
Boujdour,2023,Summer,6,0,8,419.6442,567.5
Marrakech,2023,Spring,11,0,8,1743.375,1787.0
Boujdour,2023,Winter,7,1,8,411.356,947.75
Marrakech,2023,Summer,0,0,8,374.9167,385.0
Boujdour,2023,Winter,9,1,8,398.3571,955.1111
Laayoune,2024,Winter,11,1,8,38.6819,42.1308
Boujdour,2023,Autumn,12,1,8,25.7242,27.1547
Boujdour,2023,Winter,2,0,8,13.1469,13.8897
Marrakech,2023,Autumn,0,1,8,378.625,409.0
Boujdour,2023,Winter,8,1,8,452.478,943.5
Laayoune,2024,Spring,11,0,8,34.551,36.2754
Marrakech,2024,Winter,23,0,8,376.0,387.0
Laayoune,2022,Autumn,10,1,8,37.7101,43.2826
Laayoune,2022,Autumn,22,1,8,37.7562,42.0826
Boujdour,2024,Winter,0,1,8,14.0722,15.1164
Laayoune,2022,Autumn,9,1,8,44.9951,52.1138
Boujdour,2024,Spring,5,1,8,11.687,11.914
Laayoune,2023,Spring,9,1,8,35.8249,37.4279
Boujdour,2024,Winter,10,0,8,31.692,78.7557
Boujdour,2024,Spring,4,1,8,11.6164,11.8042
Foum eloued,2024,Winter,14,1,8,33.9242,35.3599
Foum eloued,2024,Winter,13,1,8,35.1396,35.8372
Foum eloued,2023,Spring,22,1,8,31.3613,38.6681
Foum eloued,2024,Spring,10,1,8,4.4153,4.8392
Boujdour,2024,Winter,23,1,8,11.8006,12.2527
Laayoune,2022,Autumn,9,0,8,30.017,36.0522
Laayoune,2023,Autumn,8,0,8,20.2515,20.7587
Laayoune,2022,Winter,21,1,8,25.0099,33.4716
Foum eloued,2023,Winter,7,1,8,16.8089,36.4457
Foum eloued,2023,Autumn,12,1,8,29.8332,35.4795
Boujdour,2023,Winter,4,0,7,12.7286,13.0164
Foum eloued,2023,Spring,14,1,7,33.2998,38.8487
Laayoune,2024,Winter,8,1,7,32.8846,36.6409
Laayoune,2024,Winter,11,0,7,34.5529,37.3216
Foum eloued,2024,Spring,2,0,7,7.3563,25.3884
Boujdour,2022,Autumn,8,0,7,16.3508,23.2951
Marrakech,2023,Winter,16,0,7,367.9524,370.0
Foum eloued,2023,Spring,5,1,7,26.7758,32.1521
Boujdour,2023,Summer,19,0,7,17.2289,22.9819
Foum eloued,2023,Spring,2,1,7,31.819,33.4589
Boujdour,2023,Spring,15,0,7,23.0753,23.2762
Boujdour,2023,Autumn,15,1,7,140.7946,827.3162
Boujdour,2022,Autumn,7,0,7,22.9952,23.0758
Boujdour,2023,Spring,1,1,7,23.4309,24.2371
Boujdour,2023,Summer,2,0,7,372.9842,998.6667
Boujdour,2023,Winter,16,0,7,12.9886,13.5812
Boujdour,2024,Winter,1,0,7,15.9465,17.0366
Marrakech,2023,Autumn,12,1,7,1750.4286,1816.3333
Marrakech,2024,Winter,22,0,7,380.4762,385.0
Laayoune,2023,Summer,3,0,7,20.165,20.4604
Foum eloued,2023,Winter,14,0,7,16.0902,18.6018
Marrakech,2023,Summer,1,0,7,371.619,380.0
Foum eloued,2023,Spring,19,1,7,25.4604,34.1991
Laayoune,2023,Winter,7,1,7,519.9511,945.5
Foum eloued,2024,Winter,5,0,6,37.4814,38.3938
Foum eloued,2023,Spring,3,1,6,31.7962,32.9093
Foum eloued,2024,Winter,6,1,6,14.2672,34.5595
Foum eloued,2024,Winter,5,1,6,34.8535,37.1661
Boujdour,2022,Autumn,5,1,6,23.3502,23.4983
Foum eloued,2023,Winter,11,0,6,19.0949,19.6728
Foum eloued,2023,Winter,2,1,6,20.9856,21.9776
Foum eloued,2024,Winter,4,1,6,35.1656,35.6974
Boujdour,2023,Autumn,10,1,6,23.1195,25.0768
Marrakech,2023,Spring,13,1,6,1735.7222,1800.3333
Laayoune,2024,Winter,9,1,6,37.0907,40.6937
Foum eloued,2024,Spring,23,0,6,4.2535,4.2679
Foum eloued,2024,Spring,22,0,6,4.2194,4.2348
Boujdour,2023,Summer,1,1,6,23.7347,24.4046
Foum eloued,2024,Spring,3,0,6,4.384,4.3984
Foum eloued,2023,Winter,5,1,6,14.6542,15.6754
Foum eloued,2023,Winter,6,1,6,12.5973,13.5747
Boujdour,2023,Spring,10,0,6,15.2132,16.6503
Foum eloued,2023,Winter,4,1,6,16.7695,17.6886
Foum eloued,2023,Winter,1,1,6,23.0717,23.8157
Foum eloued,2024,Spring,1,0,6,4.3197,4.3341
Foum eloued,2023,Winter,0,1,6,25.1432,25.9164
Foum eloued,2023,Spring,13,1,6,40.3138,40.9721
Marrakech,2023,Summer,5,1,6,379.6667,383.0
Foum eloued,2023,Spring,12,1,6,41.1413,42.314
Boujdour,2022,Winter,9,0,6,25.6582,32.6441
Foum eloued,2023,Spring,11,1,6,40.455,41.1496
Foum eloued,2024,Spring,12,1,6,23.0029,24.5127
Marrakech,2023,Summer,3,1,6,376.5,385.0
Foum eloued,2024,Winter,18,1,6,33.32,34.3303
Foum eloued,2024,Spring,11,1,6,19.7405,21.1987
Foum eloued,2023,Spring,4,1,6,30.7015,32.1258
Foum eloued,2023,Spring,23,1,6,36.2791,37.6467
Foum eloued,2024,Winter,7,1,6,14.8813,36.794
Foum eloued,2023,Winter,3,1,6,18.8848,19.7893
Boujdour,2023,Summer,0,1,6,25.3762,25.6898
Marrakech,2023,Spring,17,1,6,1773.6667,1790.0
Laayoune,2023,Spring,10,1,6,590.5172,1358.5
Foum eloued,2023,Winter,23,0,6,34.2472,35.5621
Boujdour,2023,Winter,15,0,6,13.0729,13.1581
Foum eloued,2022,Winter,14,0,6,35.0473,35.7098
Laayoune,2023,Winter,23,1,6,284.5382,395.0
Foum eloued,2023,Winter,12,0,6,18.3477,18.9157
Laayoune,2023,Winter,0,1,6,432.1991,716.2222
Laayoune,2023,Winter,1,1,6,380.1944,490.0
Foum eloued,2023,Winter,13,0,6,18.7756,19.436
Laayoune,2023,Spring,2,0,6,20.9426,21.3895
Laayoune,2023,Spring,8,1,6,32.3476,34.5261
Laayoune,2023,Spring,10,0,6,44.5957,47.9427
Laayoune,2023,Winter,4,1,6,339.6667,495.3333
Boujdour,2023,Winter,3,0,6,13.1565,13.4518
Boujdour,2024,Winter,3,0,6,14.9482,15.389
Laayoune,2023,Winter,5,1,6,462.6389,755.3333
Boujdour,2024,Winter,2,0,6,15.8228,16.1315
Marrakech,2024,Winter,5,0,6,374.1667,377.0
Marrakech,2024,Winter,3,0,6,373.9444,376.0
Foum eloued,2023,Winter,22,1,6,29.3885,30.2929
Foum eloued,2023,Winter,11,1,6,36.6233,38.6135
Foum eloued,2024,Spring,0,0,6,4.2841,4.2991
Foum eloued,2022,Winter,17,0,6,28.2289,34.5464
Foum eloued,2023,Winter,23,1,6,27.2294,28.1047
Foum eloued,2022,Winter,16,0,6,34.0912,34.5085
Boujdour,2023,Summer,11,1,6,21.1301,22.2019
Boujdour,2022,Autumn,4,1,6,23.5311,23.8025
Marrakech,2024,Winter,21,0,5,375.0,380.6667
Marrakech,2024,Winter,0,0,5,371.4,379.0
Boujdour,2023,Autumn,9,0,5,24.839,28.2363
Marrakech,2023,Autumn,4,1,5,373.6,377.6667
Laayoune,2023,Summer,19,1,5,20.2852,20.5468
Marrakech,2023,Autumn,6,1,5,368.8,372.0
Foum eloued,2023,Spring,20,1,5,35.9245,37.2263
Boujdour,2023,Summer,4,0,5,314.5088,518.0
Laayoune,2022,Autumn,10,0,5,36.0747,40.0487
Boujdour,2022,Winter,19,1,5,23.1797,23.3262
Foum eloued,2024,Spring,21,0,5,10.3731,24.8839
Boujdour,2023,Winter,6,0,5,11.6273,11.9176
Boujdour,2023,Spring,16,1,5,24.7971,26.2666
Laayoune,2022,Autumn,8,0,5,24.9986,32.6895
Laayoune,2023,Winter,2,1,5,402.5889,711.1667
Boujdour,2023,Winter,15,1,5,13.8194,22.8738
Laayoune,2023,Autumn,9,0,5,33.3772,34.3539
Foum eloued,2024,Spring,20,0,5,16.868,24.6917
Foum eloued,2023,Winter,21,1,5,31.2733,31.956
Boujdour,2022,Autumn,6,1,5,23.9775,24.5115
Marrakech,2023,Summer,5,0,5,380.8,397.0
Marrakech,2023,Summer,2,0,5,372.0667,385.3333
Laayoune,2024,Winter,10,1,5,35.36,36.9116
Laayoune,2023,Winter,8,0,5,34.3919,34.6588
Marrakech,2024,Winter,6,0,5,370.0,374.0
Foum eloued,2023,Winter,16,1,5,4.3556,4.5327
Laayoune,2024,Winter,7,1,5,32.0627,33.8066
Laayoune,2024,Winter,6,1,5,33.4953,35.2022
Marrakech,2024,Winter,2,0,5,373.4,376.0
Foum eloued,2024,Winter,10,1,5,22.4284,35.3924
Foum eloued,2024,Spring,19,1,4,4.2737,4.3848
Boujdour,2023,Winter,10,1,4,714.3472,997.5
Laayoune,2023,Summer,18,1,4,20.4806,20.6726
Laayoune,2023,Winter,5,0,4,34.5943,35.4953
Laayoune,2023,Winter,3,1,4,457.2083,663.5
Marrakech,2023,Summer,1,1,4,377.5,378.0
Foum eloued,2023,Winter,14,1,4,35.0051,36.2073
Marrakech,2024,Winter,20,0,4,372.75,379.0
Foum eloued,2022,Winter,20,0,4,35.035,35.764
Boujdour,2023,Spring,3,1,4,23.4163,23.7609
Marrakech,2023,Winter,22,1,4,372.8333,376.6667
Laayoune,2022,Winter,21,0,4,26.8976,33.7899
Boujdour,2023,Summer,10,1,4,19.8997,21.6967
Foum eloued,2023,Autumn,13,1,4,21.2782,34.0595
Laayoune,2023,Autumn,6,1,4,20.1396,20.3807
Boujdour,2023,Summer,14,0,4,23.5451,24.0547
Laayoune,2024,Spring,10,1,4,33.045,41.6317
Boujdour,2023,Spring,8,0,4,23.6607,26.1527
Marrakech,2023,Winter,20,1,4,381.0,388.0
Boujdour,2023,Summer,10,0,4,18.9697,22.7981
Boujdour,2024,Winter,15,0,4,13.0578,14.7315
Marrakech,2023,Winter,23,1,4,375.0,379.0
Foum eloued,2022,Winter,21,0,4,33.7669,34.34
Boujdour,2023,Summer,3,0,4,369.8753,954.3333
Laayoune,2023,Summer,17,1,4,20.0981,20.1777
Marrakech,2023,Summer,9,1,4,1730.25,1755.3333
Marrakech,2024,Winter,1,1,4,380.5,383.0
Boujdour,2023,Autumn,15,0,4,22.0743,27.7342
Marrakech,2023,Summer,0,1,3,375.3333,376.6667
Marrakech,2023,Summer,22,1,3,369.1111,374.0
Marrakech,2023,Spring,19,0,3,1724.2222,1744.0
Boujdour,2023,Autumn,2,1,3,14.5577,14.6707
Marrakech,2024,Winter,4,1,3,368.6667,370.3333
Foum eloued,2023,Winter,19,1,3,16.8856,16.9333
Foum eloued,2023,Winter,20,1,3,16.6645,16.7668
Marrakech,2024,Winter,4,0,3,373.3333,374.6667
Marrakech,2023,Winter,8,0,3,375.0,380.0
Marrakech,2024,Winter,0,1,3,370.3333,373.0
Boujdour,2023,Winter,11,1,3,23.1514,23.3448
Foum eloued,2023,Winter,13,1,3,34.5195,34.989
Boujdour,2023,Summer,18,0,3,14.7553,14.7692
Marrakech,2023,Autumn,11,1,3,1722.6667,1738.0
Laayoune,2022,Autumn,23,1,3,34.2422,35.4074
Laayoune,2022,Autumn,23,0,3,34.4688,35.5478
Boujdour,2023,Spring,11,1,3,23.2723,23.7591
Foum eloued,2022,Winter,22,0,3,33.1385,33.4786
Boujdour,2023,Spring,9,0,3,15.3037,16.7788
Boujdour,2023,Summer,12,0,3,23.0374,23.1277
Boujdour,2023,Spring,2,1,3,22.8512,22.8621
Laayoune,2022,Autumn,14,1,3,34.4493,35.6701
Marrakech,2023,Autumn,3,1,3,368.6667,371.0
Laayoune,2024,Spring,10,0,3,30.5042,31.3309
Laayoune,2024,Spring,2,1,3,20.4196,20.8706
Foum eloued,2022,Winter,15,0,3,34.1023,34.5649
Foum eloued,2022,Winter,8,0,3,20.2833,20.2833
Laayoune,2022,Winter,10,1,3,34.0845,34.3561
Laayoune,2022,Winter,10,0,3,34.3481,34.7527
Boujdour,2023,Autumn,9,1,3,21.864,22.8792
Laayoune,2023,Summer,3,1,3,20.7296,21.0496
Boujdour,2024,Winter,9,0,3,44.0619,66.4224
Boujdour,2023,Winter,5,0,3,12.131,13.0324
Boujdour,2023,Autumn,3,1,3,14.615,14.6553
Laayoune,2023,Summer,11,0,3,20.246,20.4555
Boujdour,2023,Autumn,4,0,3,14.5511,14.7059
Foum eloued,2024,Winter,0,1,3,37.7136,38.61
Foum eloued,2024,Winter,19,1,3,32.9879,34.1971
Foum eloued,2024,Winter,3,1,3,34.1225,34.8127
Foum eloued,2024,Spring,4,1,2,4.2746,4.3087
Laayoune,2023,Summer,13,1,2,19.965,20.032
Foum eloued,2024,Spring,22,1,2,6.1911,6.2122
Marrakech,2023,Summer,23,1,2,370.5,374.0
Boujdour,2024,Winter,11,1,2,11.6544,11.7192
Laayoune,2023,Winter,0,0,2,20.0586,20.201
Foum eloued,2023,Winter,15,1,2,4.3169,4.3557
Marrakech,2024,Winter,5,1,2,369.5,372.0
Laayoune,2024,Spring,2,0,2,32.6677,32.7819
Laayoune,2023,Winter,6,0,2,34.7724,34.9677
Foum eloued,2022,Winter,13,0,2,35.0292,35.8488
Foum eloued,2023,Winter,18,1,2,4.2562,4.269
Foum eloued,2022,Winter,9,0,2,23.0591,24.1671
Boujdour,2024,Spring,6,1,2,11.925,12.0878
Foum eloued,2023,Winter,12,1,2,33.6019,33.6353
Foum eloued,2024,Spring,21,1,2,6.2285,6.2413
Boujdour,2023,Spring,16,0,2,15.093,15.4758
Marrakech,2023,Autumn,8,1,2,368.1667,369.0
Foum eloued,2024,Spring,13,0,2,4.2867,4.3788
Foum eloued,2024,Spring,13,1,2,25.1267,25.5064
Marrakech,2023,Autumn,7,1,2,368.6667,371.0
Boujdour,2023,Autumn,16,0,2,14.5399,14.6024
Foum eloued,2024,Winter,20,1,2,32.398,32.5035
Marrakech,2023,Summer,2,1,2,372.5,376.6667
Boujdour,2022,Winter,10,0,2,24.1372,27.5831
Marrakech,2023,Spring,10,0,2,1710.0,1714.3333
Marrakech,2023,Autumn,9,1,2,368.6667,370.0
Boujdour,2022,Autumn,10,1,2,27.6246,32.3005
Foum eloued,2023,Winter,6,0,2,4.2121,4.2149
Marrakech,2023,Spring,18,1,2,1724.0,1744.0
Boujdour,2022,Winter,22,1,2,23.0312,23.2133
Boujdour,2024,Winter,1,1,1,14.6189,14.6189
Laayoune,2022,Autumn,0,0,1,33.2421,33.2421
Boujdour,2024,Winter,6,0,1,14.6241,14.6241
Boujdour,2024,Spring,8,1,1,11.5117,11.5117
Marrakech,2023,Summer,4,1,1,372.0,372.0
Boujdour,2024,Spring,7,1,1,11.6083,11.6083
Foum eloued,2024,Winter,22,1,1,32.5829,32.5829
Laayoune,2022,Autumn,7,0,1,35.2227,35.2227
Marrakech,2024,Winter,16,0,1,369.3333,369.3333
Marrakech,2024,Winter,17,0,1,377.0,377.0
Laayoune,2023,Summer,7,0,1,19.977,19.977
Foum eloued,2024,Spring,20,1,1,6.1708,6.1708
Laayoune,2023,Spring,3,0,1,19.9533,19.9533
Laayoune,2024,Winter,15,1,1,33.9019,33.9019
Marrakech,2023,Summer,6,1,1,371.0,371.0
Boujdour,2024,Winter,17,1,1,11.7324,11.7324
Laayoune,2022,Winter,13,0,1,32.5572,32.5572
Boujdour,2023,Summer,2,1,1,22.8817,22.8817
Boujdour,2023,Summer,9,0,1,16.4134,16.4134
Boujdour,2023,Summer,9,1,1,19.9838,19.9838
Boujdour,2023,Spring,4,1,1,23.2157,23.2157
Laayoune,2023,Autumn,8,1,1,173.089,173.089
Laayoune,2024,Spring,5,0,1,32.4046,32.4046
Marrakech,2023,Winter,5,1,1,368.0,368.0
Boujdour,2022,Winter,18,1,1,22.9746,22.9746
Boujdour,2022,Winter,21,1,1,22.9489,22.9489
Marrakech,2023,Winter,9,1,1,367.0,367.0
Foum eloued,2022,Winter,10,0,1,16.6949,16.6949
Boujdour,2023,Spring,11,0,1,22.9462,22.9462
Marrakech,2023,Winter,21,1,1,375.0,375.0
Laayoune,2022,Autumn,8,1,1,44.71,44.71
Marrakech,2023,Autumn,10,1,1,1717.6667,1717.6667
